title-titre-eng,title-titre-fra,referenceNumber-numeroReference,amendmentNumber-numeroModification,solicitationNumber-numeroSollicitation,publicationDate-datePublication,tenderClosingDate-appelOffresDateCloture,amendmentDate-dateModification,expectedContractStartDate-dateDebutContratPrevue,expectedContractEndDate-dateFinContratPrevue,tenderStatus-appelOffresStatut-eng,tenderStatus-appelOffresStatut-fra,gsin-nibs,gsinDescription-nibsDescription-eng,gsinDescription-nibsDescription-fra,unspsc,unspscDescription-eng,unspscDescription-fra,procurementCategory-categorieApprovisionnement,noticeType-avisType-eng,noticeType-avisType-fra,procurementMethod-methodeApprovisionnement-eng,procurementMethod-methodeApprovisionnement-fra,selectionCriteria-criteresSelection-eng,selectionCriteria-criteresSelection-fra,limitedTenderingReason-raisonAppelOffresLimite-eng,limitedTenderingReason-raisonAppelOffresLimite-fra,tradeAgreements-accordsCommerciaux-eng,tradeAgreements-accordsCommerciaux-fra,regionsOfOpportunity-regionAppelOffres-eng,regionsOfOpportunity-regionAppelOffres-fra,regionsOfDelivery-regionsLivraison-eng,regionsOfDelivery-regionsLivraison-fra,contractingEntityName-nomEntitContractante-eng,contractingEntityAddressLine-ligneAdresseEntiteContractante-eng,contractingEntityAddressCity-entiteContractanteAdresseVille-eng,contractingEntityAddressProvince-entiteContractanteAdresseProvince-eng,contractingEntityAddressPostalCode-entiteContractanteAdresseCodePostal,contractingEntityAddressCountry-entiteContractanteAdressePays-eng,contractingEntityName-nomEntitContractante-fra,contractingEntityAddressLine-ligneAdresseEntiteContractante-fra,contractingEntityAddressCity-entiteContractanteAdresseVille-fra,contractingEntityAddressProvince-entiteContractanteAdresseProvince-fra,contractingEntityAddressCountry-entiteContractanteAdressePays-fra,endUserEntitiesName-nomEntitesUtilisateurFinal-eng,endUserEntitiesAddress-adresseEntitesUtilisateurFinal-eng,endUserEntitiesName-nomEntitesUtilisateurFinal-fra,endUserEntitiesAddress-adresseEntitesUtilisateurFinal-fra,contactInfoName-informationsContactNom,contactInfoEmail-informationsContactCourriel,contactInfoPhone-contactInfoTelephone,contactInfoFax,contactInfoAddressLine-contactInfoAdresseLigne-eng,contactInfoCity-contacterInfoVille-eng,contactInfoProvince-contacterInfoProvince-eng,contactInfoPostalcode,contactInfoCountry-contactInfoPays-eng,contactInfoAddressLine-contactInfoAdresseLigne-fra,contactInfoCity-contacterInfoVille-fra,contactInfoProvince-contacterInfoProvince-fra,contactInfoCountry-contactInfoPays-fra,noticeURL-URLavis-eng,noticeURL-URLavis-fra,attachment-piecesJointes-eng,attachment-piecesJointes-fra,tenderDescription-descriptionAppelOffres-eng,tenderDescription-descriptionAppelOffres-fra
RFP 2026-025 - Electrical Services,DDP 2026-025 Services Electriques,MX-444131958973,000,RFP 2026-025,2026-08-17,2026-09-24T23:59:00,,2026-12-01,2026-12-01,Open,Ouvert,,,,,,,"*GD
*SRV",,,Competitive - Open bidding,Concurrentielle - Invitation ouverte à soumissionner,,,,,*Canadian Free Trade Agreement (CFTA),*Accord de libre-échange canadien (ALEC),,,,,Bank of Canada,234 Wellington St. W,Ottawa,Ontario,K1A 0G9,Canada,Bank of Canada,234 Wellington St. W,Ottawa,Ontario,Canada,,,,,,,,,,,,,,,,,,https://www.merx.com/public/solicitations/4060671808/abstract?language=EN,https://www.merx.com/public/solicitations/4060671808/abstract?language=FR,,,"The Bank is seeking a Service Provider that can maintain the reliability, safety and code compliance of the Bank&rsquo;s electrical distribution systems while minimizing disruption to Bank operations. The selected provider will be expected to perform the required services in accordance with applicable codes, standards, manufacturer recommendations and Bank site requirements, and to provide clear documentation of work performed, deficiencies identified and recommended corrective actions.Bidding and Documents are available on http://www.merx.com.  Fees may apply; See https://www.merx.com/public/pricing for more information.","La Banque est &agrave; la recherche d&rsquo;un fournisseur de services capable de maintenir la fiabilit&eacute;, la s&eacute;curit&eacute; et la conformit&eacute; aux codes applicables de ses syst&egrave;mes de distribution &eacute;lectrique, tout en r&eacute;duisant au minimum les perturbations de ses activit&eacute;s. Le fournisseur retenu devra ex&eacute;cuter les services requis conform&eacute;ment aux codes, aux normes, aux recommandations des fabricants et aux exigences applicables aux sites de la Banque. Il devra &eacute;galement fournir une documentation claire des travaux ex&eacute;cut&eacute;s, des d&eacute;ficiences relev&eacute;es et des mesures correctives recommand&eacute;es.Vous pouvez soumettre une offre et accéder aux documents sur http://www.merx.com. Des frais peuvent sappliquer; Voir https://www.merx.com/public/pricing pour plus dinformations."
Medium/Large Vessel Recycling Services,Recyclage de bâtiments de tailles moyennes et grandes,PW-_MER-005-29423,000,EVC01-202003/C,2025-01-06,2029-03-30T14:00:00,,,,Open,Ouvert,*C216C,*Marine Architect and Engineering Services,*Services d'architecture et d'ingénierie,,,,*SRV,Request for Proposal,Demande de propositions,Competitive - Open bidding,Concurrentielle - Invitation ouverte à soumissionner,Subsequent/Follow-on Contracts,Marchés subséquents,,,"*Canada-UK Trade Continuity Agreement (Canada-UK TCA)
*Canadian Free Trade Agreement (CFTA)
*Canada-Panama Free Trade Agreement
*Canada-Peru Free Trade Agreement (CPFTA)
*Canada-Korea Free Trade Agreement (CKFTA)
*Canada-Colombia Free Trade Agreement
*World Trade Organization Agreement on Government Procurement (WTO GPA)
*Comprehensive and Progressive Agreement for Trans-Pacific Partnership (CPTPP)
*Canada-European Union Comprehensive Economic and Trade Agreement (CETA)","*Accord de continuité commerciale Canada-Royaume-Uni (ACC Canada-Royaume-Uni)
*Accord de libre-échange canadien (ALEC)
*Accord de libre-échange Canada-Panama
*Accord de libre-échange Canada-Pérou (ALECP)
*Accord de libre-échange Canada-Corée
*Accord de libre-échange Canada-Colombie
*Accord sur les marchés publics de l'Organisation mondiale du commerce (AMP-OMC)
*Accord de Partenariat transpacifique global et progressiste (PTPGP)
*Accord économique et commercial global (AECG) entre le Canada et l’Union européenne (UE)",,,"*New Brunswick
*Prince Edward Island
*Alberta
*Saskatchewan
*National Capital Region (NCR)
*Manitoba
*Northwest Territories
*Nova Scotia
*Nunavut Territory
*Ontario (except NCR)
*British Columbia
*Newfoundland and Labrador
*Yukon
*Quebec (except NCR)","*Nouveau-Brunswick
*Île-du-Prince-Édouard
*Alberta
*Saskatchewan
*Région de la capitale nationale (RCN)
*Manitoba
*Territoires du Nord-Ouest
*Nouvelle-Écosse
*Territoire du Nunavut
*Ontario (sauf RCN)
*Colombie-Britannique
*Terre-Neuve-et-Labrador
*Yukon
*Québec (sauf RCN)",Public Works and Government Services Canada,"11 Laurier St, Phase III, Place du Portage",Gatineau,Quebec,K1A 0S5,Canada,Travaux publics et Services gouvernementaux Canada,"11, rue Laurier, Phase III, Place du Portage",Gatineau,Québec,Canada,Public Works and Government Services Canada,"11 Laurier St, Phase III, Place du Portage,Gatineau,Quebec,K1A 0S5,Canada",Travaux publics et Services gouvernementaux Canada,"11, rue Laurier, Phase III, Place du Portage,Gatineau,Québec,K1A 0S5,Canada",,,,,,,,,,,,,,,,https://canadabuys.canada.ca/documents/pub/att/2025/01/06/cd41d4a1da59592bb4366922303ad39b/ABES.PROD.PW_MER.B005.E29423.EBSU000.PDF,https://canadabuys.canada.ca/documents/pub/att/2025/01/06/5519df389120745d2a404072c2edf7d1/ABES.PROD.PW_MER.B005.F29423.EBSU000.PDF,"Trade Agreement: CETA/WTO-AGP/CPTPP/CFTA/FTAs with Peru/Colombia/Panama/Korea/UK
Tendering Procedures: All interested suppliers may submit a bid
Competitive Procurement Strategy: Subsequent/Follow-on Contracts
Comprehensive Land Claim Agreement: No
Nature of Requirements: 


Medium/Large Vessel Recycling Services

EVC01-202003/C
Major, Andrea
Telephone No. - (403) 796-3230 

This RFSA cancels and supersedes the previous RFSA number EVC01-202003/B. Suppliers that provided an arrangement for EVC01-202003/A or EVC01-202003/B are not required to submit a new arrangement, and do not need to take any action. 

There are no changes from EVC01-202003/B to EVC01-202003/C. Version /C of the RFSA is being posted to extend the active solicitation period. 

The Government of Canada through this RFSA, intends to establish and maintain SAs with suppliers to provide medium and large Vessel recycling and disposal services of any Vessel requiring dismantlement in a Vessel Recycling Facility, for one or more regions/sub-regions of Canada in accordance with the Statement of Requirement - Annex A.

The RFSA includes two streams:

Stream A - Medium size Vessels with lightship displacement of 300 MT or less; and

Stream B - Large size Vessels with lightship displacement of over 300 MT. 

There may be security requirements associated with some of the requirements under this RFSA. For more information on personnel and organization security screening or security clauses, Suppliers should refer to the Contract Security Program of Public Works and Government Services Canada (PWGSC).

This RFSA is to establish supply arrangements for the delivery of the requirement detailed in the RFSA to the Identified Users across Canada, including geographic areas subject to Comprehensive Land Claims Agreements (CLCAs) and the Nunavut Land Claims Agreement (NLCA).

To meet the Government of Canada’s objectives of encouraging Indigenous socio-economic development through federally funded opportunities, resulting bid solicitations from this RFSA may be set aside under the Procurement Strategy for Indigenous Business (PSIB) or may include an Indigenous Participation Plan (IPP). For additional information on PSIB refer to the Indigenous Business and federal procurement site and for additional information on the Indigenous Participation Plan refer to Annex H - Indigenous Participation Component. 

Any resulting bid solicitation may be subject to the provisions of the trade agreements. Certain obligations under the trade agreements may not apply where the Vessel is located in the Nunavut region or an area covered by a modern treaty. If a set-aside for Indigenous businesses or an exception used of or relied upon (e.g. any measure adopted or maintained with respect to Indigenous Peoples, set-aside for minority businesses, etc.), some or all aspects of the procurement may not be subject to certain trade agreement obligations. 

To ensure that the transboundary movement of hazardous wastes and other wastes is reduced to the minimum consistent with the environmentally sound and efficient management of such wastes, and to protect human health and the environment against the adverse effects which may result from the movement of vessels containing hazardous wastes, the Work must be performed within Canada.

If the Contracting Authority, in its sole discretion, determines that the Work cannot be performed within Canada in an environmentally sound and efficient manner, or if there are no suppliers who can perform the Work in Canada, the Contracting Authority may consider bids from suppliers who propose to perform the Work in another country only if that country is a Party to the Basel Convention on the Control of Transboundary Movements of Hazardous Wastes and Their Disposal or Canada has concluded an agreement or an arrangement pursuant to Article 11 of the Convention with that non-Party.

Canada has the right to reject any request to perform the Work in a country other than Canada if it has reason to believe that the Work will not be managed in an environmentally sound manner.

Any resulting bid solicitation on behalf of the Department of National Defence may be subject to the Controlled Goods Program. For additional information on the Controlled Goods Program or how to register, consult the clause A9130T of the Standard Acquisition Clauses and Conditions Manual.  

Any resulting SA may be used by any Government Department, Departmental Corporation or Agency, or other Crown entity described in the Financial Administration Act (as amended from time to time), and any other party for which the Department of Public Works and Government Services may be authorized to act from time to time under section 16 of the Department of Public Works and Government Services Act S.C 1996, c. 16 (each a ""Client"".
Delivery Date: Above-mentioned

The Crown retains the right to negotiate with suppliers on any procurement.

Documents may be submitted in either official language of Canada.","Entente sur le commerce : AECG/OMC-AMP/PTPGP/ALEC/ALEs avec Pérou/Colombie/Panama/Corée/R-U
Processus de demande des soumissions : Tout fournisseur intéressé peut présenter une soumission
Stratégie d'approvisionnement concurrentielle : Marchés subséquents
Entente sur les revendications territoriales globales : Non
Nature des besoins : 

Recyclage de bâtiments de tailles moyennes et grandes

EVC01-202003/C
Major, Andrea
Telephone No. - (403) 796-3230 

Cette DAMA annule et remplace la DAMA précédente numéro EVC01-202003/B. Les fournisseurs qui ont soumis un arrangement pour EVC01-202003/A ou EVC01-202003/B ne sont pas tenus de soumettre un nouvel arrangement et n'ont pas besoin de prendre d'autres mesures.

Il n'y a aucun changement entre EVC01-202003/B et EVC01-202003/C. La version /C du RFSA est publiée pour prolonger la période de sollicitation active.

Dans le cadre de la présente DAMA, le gouvernement du Canada prévoit mettre en place et maintenir des AMA avec des fournisseurs pour des services de recyclage et élimination de bâtiments de tailles moyennes et grandes qui requiert la démolition dans une installation de recyclage de bâtiment, pour une ou plusieurs régions/sous-régions du Canada, conformément à l’Énoncé des besoins (ÉdB) - Annexe A. 

La DAMA inclus deux domaines :

Domaine A : Bâtiments de tailles moyennes avec un poids lège de 300 métrique tonne et moins; et 

Domaine B : Bâtiments de tailles grandes avec un poids lège de plus de 300 métrique tonne.

Il est possible que certaines exigences comportent des exigences relatives à la sécurité. Pour de plus amples renseignements sur les enquêtes de sécurité sur le personnel et les organismes, les fournisseurs devraient consulter le site Web du Programme de sécurité des contrats de Travaux publics et Services gouvernementaux Canada. 

La présente DAMA vise à établir des AMAs pour la livraison du besoin décrit dans les présentes aux utilisateurs désignés, et ce, partout au Canada, y compris dans les zones visées par des ententes sur les revendications territoriales globales (ERTG) et l’Accord sur les revendications territoriales du Nunavut (ARTN).

Afin d’atteindre l’objectif du gouvernement du Canada qui consiste à favoriser le développement socio-économique des Autochtones au moyen de possibilités financées par le gouvernement fédéral, le marché pourrait être réservé aux titulaires d’AMA autochtones conformément à la Stratégie d’approvisionnement auprès des entreprises autochtones (SAEA) du gouvernement du Canada ou un Plan de participation des Autochtones (PPA) pourrait être exigé avec la soumission de tous les fournisseurs non-Autochtones titulaire d’AMA. Pour de plus amples renseignements concernant la SAEA, veuillez consulter le site des Entreprises autochtones et approvisionnement fédéral et pour des renseignements concernant les PPA, veuillez consulter l’annexe H - Volet de participation des Autochtones.

Lorsque que les AMAs seront émises et que le gouvernement du Canada aura un besoin à combler, l’emplacement du bâtiment déterminera le processus de sélection des soumissionnaires pour la demande de soumissions. Par exemple, si le bâtiment est situé dans une région du Nunavut ou une région visée par un traité moderne, les obligations du Canada en ce qui a trait aux ERTG ou à l’ARTN applicables prévaudront. Après que l’emplacement du bâtiment a été vérifié pour des considérations autochtones, le marché pourrait être réservé pour les entreprises autochtones titulaires d’AMA pour la région où le bâtiment est situé ou tous les fournisseurs titulaires d’AMA pourraient être inviter à soumissionner.   

Afin de s’assurer que les mouvements transfrontaliers de déchets dangereux et d'autres déchets soient réduits au minimum compatible avec une gestion écologiquement rationnelle et efficace de ces déchets, et protéger la santé humaine et l'environnement contre les effets néfastes pouvant résulter du mouvement de ces déchets. contenant des déchets dangereux, les travaux doivent être exécutés au Canada.

Si l'autorité contractante, à sa seule discrétion, détermine que les travaux ne peuvent pas être exécutés au Canada d'une manière écologiquement rationnelle et efficace, ou si aucun fournisseur ne peut exécuter les travaux au Canada, l'autorité contractante peut considérer les offres de les fournisseurs qui proposent d'exécuter les travaux dans un autre pays seulement si ce pays est partie à la Convention de Bâle sur le contrôle des mouvements transfrontaliers de déchets dangereux et de leur élimination ou si le Canada a conclu un accord ou un arrangement conformément à l'article 11 de la Convention avec ce non-Partie.

Le Canada a le droit de rejeter toute demande d'exécution des travaux dans un pays autre que le Canada s'il a des raisons de croire que les travaux ne seront pas gérés de manière écologiquement rationnelle.

Ce besoin et toutes les demandes de soumissions connexes peuvent être assujettis aux dispositions des ententes sur le commerce. Les ententes sur le commerce seront exclues des exigences si le bâtiment est situé dans la région du Nunavut ou une région visée par un traité moderne. Si on utilise un marché réservé pour les entreprises autochtones ou une exception (p. ex. si des mesures sont adoptées ou maintenues relativement aux peuples autochtones, marché réservé pour les entreprises minoritaires, etc.), les aspects de l’approvisionnement peuvent, en totalité ou en partie, ne pas être assujettis à certaines obligations prévues dans les ententes sur le commerce.

Les demandes de soumissions pour le ministère de la Défense nationale pourraient être assujetties au Programme des marchandises contrôlées. Pour de plus amples renseignements concernant le Programmes des marchandises contrôlées ou des précisions sur la façon de s’inscrire, veuillez consulter la clause A9130T du Guide des clauses et conditions uniformisées d’achat (CCUA). 

Tout AMA subséquent peut être utilisé par tout ministère, tout organisme, toute société d’État, ou toute autre entité du gouvernement du Canada, y compris ceux qui sont mentionnés dans la Loi sur la gestion des finances publiques L.R.C. (1985), ch. F-11 telle qu’elle est modifiée de temps à autre, ou toute autre partie au nom de laquelle SPAC a été autorisé à agir de temps à autre en vertu de l’article 16 de la Loi sur le ministère des Travaux publics et des Services gouvernementaux L.C. 1996, ch. 16 (chacun étant un « client »).



Date de livraison : Indiquée ci-dessus

L'État se réserve le droit de négocier les conditions de tout marché avec les fournisseurs.

Les documents peuvent être présentés dans l'une ou l'autre des langues officielles du Canada."
Local Internet Access Services (LIAS),Service d'accès Internet local (SAIL),SSC-26-00034400:T,000,BPM014160/34400,2026-07-29,2065-04-27T07:00:00,,,,Open,Ouvert,*D304A,*Data Transmission Service,*Transmission de données,,,,*SRV,Request for Supply Arrangement,Demande pour un arrangement en matière d’approvisionnement,Competitive - Open bidding,Concurrentielle - Invitation ouverte à soumissionner,,,,,"*Canada-Peru Free Trade Agreement (CPFTA)
*Canada-Korea Free Trade Agreement (CKFTA)
*Canada-Panama Free Trade Agreement
*Canada-Ukraine Free Trade Agreement (CUFTA)
*World Trade Organization Agreement on Government Procurement (WTO GPA)
*Comprehensive and Progressive Agreement for Trans-Pacific Partnership (CPTPP)
*Canadian Free Trade Agreement (CFTA)
*Canada-Chile Free Trade Agreement (CCFTA)
*Canada-Colombia Free Trade Agreement
*Canada-European Union Comprehensive Economic and Trade Agreement (CETA)
*Canada-Honduras Free Trade Agreement","*Accord de libre-échange Canada-Pérou (ALECP)
*Accord de libre-échange Canada-Corée
*Accord de libre-échange Canada-Panama
*Accord de libre-échange Canada-Ukraine (ALECU)
*Accord sur les marchés publics de l'Organisation mondiale du commerce (AMP-OMC)
*Accord de Partenariat transpacifique global et progressiste (PTPGP)
*Accord de libre-échange canadien (ALEC)
*Accord de libre-échange Canada-Chili (ALECC)
*Accord de libre-échange Canada-Colombie
*Accord économique et commercial global (AECG) entre le Canada et l’Union européenne (UE)
*Accord de libre-échange Canada-Honduras",*Canada,*Canada,*Canada,*Canada,Shared Services Canada,90 Metcalfe Street,Ottawa,Ontario,K0A 0C3,Canada,Services partagés Canada,"90, rue Metcalfe",Ottawa,Ontario,Canada,Shared Services Canada,"90 Metcalfe Street,Ottawa,Ontario,K0A 0C3,Canada",Services partagés Canada,"90, rue Metcalfe,Ottawa,Ontario,K0A 0C3,Canada",,,,,,,,,,,,,,,,"https://sscp2pspc.ssc-spc.gc.ca/page.aspx/en/fil/download_public/00926665-9700-4F15-AC1E-B72E08430ABA,https://sscp2pspc.ssc-spc.gc.ca/page.aspx/en/fil/download_public/06B3A327-D49E-4E29-A541-6C5FE7E69EBD,https://sscp2pspc.ssc-spc.gc.ca/page.aspx/en/fil/download_public/6AA06B06-11A9-41A0-ABDC-0E9B824EE71A,https://sscp2pspc.ssc-spc.gc.ca/page.aspx/en/fil/download_public/0487BECE-992C-42B6-A0DE-CC9D46D875EB,https://sscp2pspc.ssc-spc.gc.ca/page.aspx/en/fil/download_public/1A7BBA79-A75F-46EC-8DB2-95FCDAE91495,https://sscp2pspc.ssc-spc.gc.ca/page.aspx/en/fil/download_public/A82BB3BB-DF8C-4F54-89C5-A67FC1462DC4,https://sscp2pspc.ssc-spc.gc.ca/page.aspx/en/fil/download_public/C7206CC3-B55A-4A3C-85A6-5AF7511E3DED,https://sscp2pspc.ssc-spc.gc.ca/page.aspx/en/fil/download_public/4E10CFD1-68B8-4721-9E2F-B4654346404D","https://sscp2pspc.ssc-spc.gc.ca/page.aspx/fr/fil/download_public/3D78651C-138F-4B39-A12F-6AEF13967642,https://sscp2pspc.ssc-spc.gc.ca/page.aspx/fr/fil/download_public/1B32F002-8CB1-4F70-AADD-BA8A7A77B164,https://sscp2pspc.ssc-spc.gc.ca/page.aspx/fr/fil/download_public/5842B591-D6E1-43A4-BF55-88AF60F66818,https://sscp2pspc.ssc-spc.gc.ca/page.aspx/fr/fil/download_public/565D487C-D03D-4938-9558-976B955EEF16,https://sscp2pspc.ssc-spc.gc.ca/page.aspx/fr/fil/download_public/D57F1412-F2A4-4843-8686-69B87ED2E63B,https://sscp2pspc.ssc-spc.gc.ca/page.aspx/fr/fil/download_public/77F6BBAC-1E90-4BEA-8860-C4DA2BDDEAB4","Solicitation No.: BPM014160Department: Shared Services Canada (SSC)Delivery Destination Area:&nbsp; Canada / National&nbsp;Description of Requirement: Shared Services Canada (SSC) requires Local Internet Access Services (LIAS) for federal government sites across Canada on an as-and-when requested basis for SSC itself, its exclusive Partner Organizations, Mandatory Clients, and any other Government Organization that chooses to use SSC for the procurement of its LIAS.&nbsp;This Request for Supply Arrangement is to invite Internet Service Providers (ISPs) to prequalify their business through this solicitation. All suppliers that demonstrate the required experience and capacity will be qualified as part of the resulting Supply Arrangements (SAs) for opportunities to supply Canada with LIAS.&nbsp;The intent is to issue Supply Arrangements to all qualified ISPs. The resulting SAs will be used to:
Establish a list of qualified ISPs for future exclusive competition of LIAS requirements
	Standardize resulting contracts for a more efficient and timely contract award process
	Streamline future solicitations, their responses, inquiries, and invoicing, to improve organizational processes while reducing manual clerical deficiencies.
	Formalize and consolidate pre-existing Legacy and Contracted Connections for ease of management and payment
	Recompete pre-existing Contracted Connections as they expire
	Establish new LIAS Connections

&nbsp;This RFSA is not a solicitation of bids or tenders and is intended to pre-qualify suppliers that possess the criteria required by SSC to be issued a Supply Arrangement. Although SSC intends to award as many SAs as possible resulting from this RFSA, there is no obligation to award a contract as a result of being issued an SA from this RFSA process.&nbsp;Procure to Pay (P2P) Portal: Procure to Pay (P2P) is an integral part of SSC’s contracting processes where all SSC requirements and solicitations are posted and managed. Suppliers must be registered and logged into P2P in order to submit a response. Registering for an account will allow vendors to view, respond, bid, invoice, and manage opportunities with SSC. Resources are available to assist your business with account setup and support. Visit https://sscp2pspc.ssc-spc.gc.ca and click “New Supplier? / Register Now” to get started on creating your account.&nbsp;&nbsp;


SSC Local Internet Access Services (LIAS)- Amendment 000","No de la demande de soumissions&nbsp;: BPM014160Minist&#232;re&nbsp;: Services partag&#233;s Canada (SPC)Zone de destination de distribution&nbsp;: Canada / &#224; l’&#233;chelle nationale&nbsp;Description du besoin&nbsp;: Services partag&#233;s Canada (SPC) requiert des d’acc&#232;s Internet local&nbsp;(SAIL) pour les sites du gouvernement f&#233;d&#233;ral &#224; travers le Canada, selon la demande et cela pour SPC lui-m&#234;me, ses organisations partenaires exclusives, ses clients obligatoires, ainsi que &nbsp;toute autre organisation gouvernementale qui choisit d’utiliser SPC pour l’approvisionnement de son SAIL.&nbsp;Cette demande d&#39;arrangements en mati&#232;re d&#39;approvisionnemnt a pour but d’inviter les fournisseurs de services Internet (FSI) &#224; se pr&#233;qualifier dans le cadre de cette solicitation.Tous les fournisseurs qui d&#233;montrent l’exp&#233;rience et la capacit&#233; requises seront qualifi&#233;s dans le cadre des arrangements en mati&#232;re d’approvisionnement (AMA) qui en r&#233;sulteront pour les possibilit&#233;s d’approvisionner le Canada en SAIL.&nbsp;L’objectif est d’&#233;mettre des arrangements en mati&#232;re d’approvisionnement (AMA) &#224; tous les FSI qualifi&#233;s. Les AMA r&#233;sultants seront utilis&#233;s pour&nbsp;:
&#201;tablir une liste de fournisseurs de services Internet qualifi&#233;s en vue d&#39;une comp&#233;tition exclusive &#233;ventuelle pour les besoins du SAIL;
	Normaliser les contrats r&#233;sultants pour un processus d’attribution des contrats plus efficace et plus rapide;
	Rationaliser les prochaines demandes de soumissions, leurs r&#233;ponses, les demandes de renseignements et la facturation, afin d’am&#233;liorer les processus organisationnels tout en r&#233;duisant les lacunes dans les t&#226;ches manuelles administratives;
	Formaliser et consolider les connexions h&#233;rit&#233;es pr&#233;existantes et les connexions contractuelles pour faciliter la gestion et le paiement;
	Lancer &#224; nouveau des appels d’offres pour les connexions contractuelles pr&#233;existantes lorsqu’elles arrivent &#224; &#233;ch&#233;ance.
	&#201;tablir de nouvelles connexions de SAIL.

&nbsp;Cette demande d’arrangement en mati&#232;re d’approvisionnement n’est pas une demande de soumissions ou un appel d’offres. Elle a pour but de pr&#233;-qualifier les fournisseurs qui poss&#232;dent les crit&#232;res requis par SPC pour obtenir un arrangement en mati&#232;re d’approvisionnement (AMA). Bien que SPC ait l’intention d’attribuer le plus grand nombre possible d’AMA &#224; la suite de cette DAMA, il n’est pas oblig&#233; d’attribuer un contrat &#224; la suite de l’attribution d’un AMA dans le cadre du processus de cette DAMA.&nbsp;Portail d’approvisionnement au paiement en ligne (APL)&nbsp;: est une partie int&#233;grante des processus de passation de march&#233;s du SSC o&#249; tous les besoins et les demandes de soumissions de SPC sont affich&#233;s et g&#233;r&#233;s. Les fournisseurs doivent &#234;tre inscrits et connect&#233;s &#224; l’APL afin de pouvoir soumettre une r&#233;ponse. La cr&#233;ation d’un compte permettra aux fournisseurs de r&#233;viser, de r&#233;pondre, de soumissionner, de facturer et de g&#233;rer les occasions avec SPC. Des ressources sont disponibles pour aider votre entreprise &#224; configurer et &#224; g&#233;rer leur compte. Pour cr&#233;er votre compte, visitez https://sscp2pspc.ssc-spc.gc.ca/page.aspx/fr/usr/login, puis cliquez sur Nouveau fournisseur ? Inscrivez-vous maintenant.SSC Local Internet Access Services (LIAS)- Amendment 000"
Open Construction Source List for CFB Halifax,Répertoire ouvert d’entrepreneurs en construction pour la BFC Halifax,MX-443841357513,000,AR26SLHX_86026,2026-01-23,2029-03-31T13:00:00,,,,Open,Ouvert,,,,,,,*CNST,,,Competitive - Open bidding,Concurrentielle - Invitation ouverte à soumissionner,,,,,"*World Trade Organization Agreement on Government Procurement (WTO GPA)
*Canadian Free Trade Agreement (CFTA)
*Canada-European Union Comprehensive Economic and Trade Agreement (CETA)","*Accord sur les marchés publics de l'Organisation mondiale du commerce (AMP-OMC)
*Accord de libre-échange canadien (ALEC)
*Accord économique et commercial global (AECG) entre le Canada et l’Union européenne (UE)",,,,,Defence Construction Canada - Atlantic Region,"175 Western Parkway, Suite 100",Bedford,Nova Scotia,B4B 0V1,Canada,Defence Construction Canada - Atlantic Region,"175 Western Parkway, Suite 100",Bedford,Nouvelle-Écosse,Canada,,,,,,,,,,,,,,,,,,https://www.merx.com/public/solicitations/3776296409/abstract?language=EN,https://www.merx.com/public/solicitations/3776296409/abstract?language=FR,,,"
	Defence Construction Canada (DCC) is inviting contractors and suppliers to apply to be placed on an Open Construction Source List (OCSL) for commercial, residential, industrial, institutional, and civil work required by the Department of National Defence, at CFB Halifax (and its satellite sites in Nova Scotia) for three fiscal years (April 1, 2026, to March 31, 2029).
	Interested contractors and suppliers may request to be placed on the OCSL at any time. However, DCC is requesting that interested contractors and suppliers submit a request to be placed the OCSL as soon as possible, preferably by March 4, 2026. DCC will require ten (10) business days to process an application for the OCSL.
	Contractors and suppliers that want to be added to the OCSL, must submit a request through this MERX posting and therein indicate their preferred official language (English or French).
	IMPORTANT: Contractors and suppliers that were placed on the previous OCSL (April 1, 2023, to March 31, 2026) must re-apply to be placed on the OCSL for April 1, 2026, to March 31, 2029.
	The language selected by the applicant for this OCSL will be the only language used for the tender documents, the contract documents and communication for all future tenders and during the execution of any resulting contract. The language selected will apply for the duration of the OCSL.
	Faxed, mailed, or emailed submissions will not be accepted. 
	The OCSL will be used to tender construction services (commercial, residential, industrial, institutional, civil) with an estimated value of $10 million and below. As &quot;Opportunities to bid&quot; arise, DCC will invite all contractors and suppliers on the OCSL to bid on the work.
	Contractors and suppliers will be invited electronically through MERX and may, at the discretion of DCC, be required to attend a site meeting prior to a tender closing. Tenders will close electronically through MERX.
	Contractors and suppliers who apply to be placed on the OCSL will require an active MERX account to submit electronic bids. Please contact MERX for information on how to open or reactivate an account.
	To bid on a tender call, a bidder must be registered on the OCSL used for the tender call. If the bidder&#39;s legal name does not appear on the OCSL, DCC may consider their bid to be non-compliant. If you change your business name, it is therefore very important that you notify DCC and consider making the change to your MERX account.
	DCC reserves the right, at its sole discretion, to:
	
		Continue using existing source lists that may already be in place for similar or related services such as existing Quick Response Tender (QRT) source lists,
		Establish other source lists for specific categories of construction services which may require different pre-qualification requirements, such as Quick Response Tender (QRT) source lists. Such other source lists will not be advertised through this OCSL. Such other source lists will be advertised openly on MERX on a case-by-case basis,
		Verify which contractors have submitted bids under the OCSL, verify if those that did not submit bids are still interested to be on the OCSL and remove from the OCSL those contractors that are no longer interested,
		Require additional pre-qualification requirements for any specific tenders done through the OCSL,
		Elect to post any tender openly on MERX in lieu of this OCSL if DCC deems that an open tender would provide the potential for more competition,
		Tenders may be set aside for Indigenous businesses in accordance with the Procurement Strategy for Indigenous Business (PSIB). In such cases, all contractors and suppliers on the Open Construction Source List (OCSL) will receive an invitation to bid; however, the MERX advertisement will clearly state that the opportunity is reserved for Indigenous businesses under PSIB. To qualify, the Indigenous business must be registered in Indigenous Services Canada&rsquo;s (ISC) Indigenous Business Directory (IBD). If you are forming a Joint Venture (JV) to bid on a contract set aside for Indigenous businesses, at least one member of the JV must be listed on the OCSL, and the Indigenous business within the JV must also be registered in ISC&rsquo;s Indigenous Business Directory. Failure to meet these requirements will result in the bid being deemed non-compliant,
		Include a requirement for sub-contracting to Indigenous businesses that must be registered under Indigenous Services Canada&rsquo;s (ISC) Indigenous Business Directory. In this case, the MERX Ad specific to the invitation will clearly identify the inclusion of an Indigenous Benefits Plan (IBP).
	
	
	Contractors are advised that contracts awarded by DCC include measurable performance standards and requirements as detailed in form DCL81-Performance Evaluation Guidelines which is available at https://www.dcc-cdc.gc.ca/industry/forms. A contractor that receives an unacceptable or failing score may be removed from this OCSL and receive no further invitations under the OCSL.
	Contractors and suppliers are advised that all contracts tendered and awarded by DCC are subject to DCC&rsquo;s Procurement Code of Conduct which is available for download at https://www.dcc-cdc.gc.ca/industry/forms. A contractor or a supplier that has been declared ineligible or has been suspended by Public Services and Procurement Canada under its Ineligibility and Suspension Policy and the period of ineligibility or suspension has not expired may be removed from this OCSL and received no further invitations.
	Contractors and suppliers are advised that DCC&rsquo;s Standard Construction Contract Documents - Electronic Bidding (DCL250) will be used for opportunities under the OCSL and can be downloaded from the DCC website at: https://www.dcc-cdc.gc.ca/industry/forms.
	Contractors and suppliers are advised that tenders and contracts under this OCSL may contain organization and personnel security requirements. Typically, the organization security requirement will be Designated Organization Screening (DOS) and reliability status for personnel. However more stringent requirement may apply such as Facility Security Clearance (FSC) at the level of SECRET with approved Document Safeguarding (DSC) with secret clearance for personnel.
	DCC may publish Advance Procurement Notices (APN) identifying potential tenders with anticipated security requirements to provide interested contractors an opportunity to begin the sponsorship request process for potentially obtaining the required security clearance(s) that are anticipated. The process to apply for a security clearance is provided in the APNs.
	DCC reserves the right to reject any application that does not demonstrate, to the sole satisfaction of DCC, that the contractor or supplier has met the stated requirements. DCC also reserves the right to request clarifications and/or confirmations from any or all firms regarding any aspect of their submission information. A written response to each such communication is required from the firm.
	By submitting a response to this invitation, contractors and suppliers are providing their consent, pursuant to section 30 of the Defence Production Act, for DCC to publicly disclose, after closing, their legal name, address and whether they have been included on the OCSL.
	The OCSL may be used for procurements covered by trade agreements to which Canada is a party.
	You have questions regarding the foregoing, or you wish to be removed from an OCSL, please contact:

Defence Construction Canada
Andr&eacute; Champagne
Andre.Champagne@dcc-cdc.gc.caBidding and Documents are available on http://www.merx.com.  Fees may apply; See https://www.merx.com/public/pricing for more information.","
	Construction de D&eacute;fense Canada (CDC) demande aux entrepreneurs et fournisseurs &agrave; pr&eacute;senter une demande d&rsquo;adh&eacute;sion &agrave; un r&eacute;pertoire ouvert d&rsquo;entrepreneurs en construction (ROEC) pour des travaux commerciaux, r&eacute;sidentiels, industriels, institutionnels, et de g&eacute;nie civil requis par le minist&egrave;re de la D&eacute;fense nationale, &agrave; la BFC Halifax (et ses sites satellites &agrave; Nouvelle-&Eacute;cosse) pour trois exercices financiers (du 1er avril 2026 au 31 mars 2029).
	Les entrepreneurs et fournisseurs int&eacute;ress&eacute;s peuvent pr&eacute;senter une demande d&rsquo;adh&eacute;sion au r&eacute;pertoire &agrave; tout moment. Toutefois, CDC demande aux entrepreneurs et fournisseurs int&eacute;ress&eacute;s de soumettre leur demande d&rsquo;adh&eacute;sion au ROEC d&egrave;s que possible, de pr&eacute;f&eacute;rence avant le 4 mars 2026. CDC aura besoins de 10 jours ouvrables pour traiter une demande d&rsquo;adh&eacute;sion au r&eacute;pertoire.
	Les entrepreneurs et fournisseurs qui d&eacute;sirent adh&eacute;rer au ROEC doivent soumettre leur demande d&rsquo;adh&eacute;sion par le biais de cet affichage MERX et y indiquer leur langue officielle pr&eacute;f&eacute;r&eacute;e (anglais ou Fran&ccedil;ais).
	IMPORTANT&nbsp;: Les entrepreneurs et fournisseurs qui figuraient au ROEC pr&eacute;c&eacute;dent (du 1er avril 2023 au 31 mars 2026) doivent pr&eacute;senter une nouvelle demande d&rsquo;adh&eacute;sion au ROEC pour la p&eacute;riode du 1er avril 2026 au 31 mars 2029.
	La langue choisie par le demandeur pour ce r&eacute;pertoire sera la seule langue utilis&eacute;e pour les documents d&rsquo;appel d&rsquo;offres, les documents contractuels et la communication pour toutes les offres futures et pendant l&rsquo;ex&eacute;cution de tout contrat r&eacute;sultant. La langue choisie s&rsquo;appliquera pour toute la dur&eacute;e du r&eacute;pertoire.
	Les demandes d&rsquo;adh&eacute;sion envoy&eacute;es par t&eacute;l&eacute;copieur, par la poste ou par courriel ne seront pas accept&eacute;es.&nbsp;
	Ce ROEC sera utilis&eacute; pour des services de construction (commerciaux, r&eacute;sidentiels, industriels, institutionnels, et de g&eacute;nie civil) d&rsquo;une valeur estim&eacute;e &agrave; 10 millions de dollars et moins. Au fur et &agrave; mesure que des &laquo; occasions de soumissionner &raquo; se pr&eacute;senteront, CDC invitera tous les entrepreneurs et fournisseurs faisant partie du r&eacute;pertoire &agrave; soumissionner pour les travaux.
	Les entrepreneurs et fournisseurs seront invit&eacute;s par voie &eacute;lectronique par l&rsquo;entremise de MERX et pourront, &agrave; la discr&eacute;tion de CDC, &ecirc;tre tenus d&rsquo;assister &agrave; une r&eacute;union sur place avant la cl&ocirc;ture d&rsquo;un appel d&rsquo;offres.&nbsp; Le d&eacute;p&ocirc;t des soumissions se fera par voie &eacute;lectronique par l&rsquo;entremise de MERX.
	Les entrepreneurs et fournisseurs qui pr&eacute;sentent une demande d&rsquo;adh&eacute;sion au ROEC auront besoin d&rsquo;un compte MERX actif pour d&eacute;poser des soumissions &eacute;lectroniques. Veuillez communiquer avec MERX pour savoir comment ouvrir ou r&eacute;activer un compte.
	Pour soumissionner dans le cadre d&rsquo;un appel d&rsquo;offres, un soumissionnaire doit &ecirc;tre inscrit sur le ROEC utilis&eacute; pour l&rsquo;appel d&rsquo;offres. Si le nom l&eacute;gal du soumissionnaire n&rsquo;appara&icirc;t pas sur le ROEC, CDC pourrait consid&eacute;rer que sa soumission n&rsquo;est pas conforme. Si vous changez le nom de votre entreprise, il est donc tr&egrave;s important que vous en avisiez CDC et que vous envisagiez &eacute;galement d&rsquo;apporter le changement &agrave; votre compte MERX.
	CDC se r&eacute;serve le droit, &agrave; sa seule discr&eacute;tion, de :
	
		Continuer &agrave; utiliser les r&eacute;pertoires d&eacute;j&agrave; en place pour des services similaires ou connexes, tels que les r&eacute;pertoires pour Soumissions &agrave; Intervention Rapide (SIR),
		Mettre en place d&rsquo;autres r&eacute;pertoires pour des cat&eacute;gories sp&eacute;cifiques de services de construction qui peuvent n&eacute;cessiter des exigences de pr&eacute;qualification diff&eacute;rentes, telles que des r&eacute;pertoires pour Soumissions &agrave; Intervention Rapide (SIR). Ces autres r&eacute;pertoires ne seront pas annonc&eacute;s par le biais de ce r&eacute;pertoire. Ces autres r&eacute;pertoires seront annonc&eacute;s ouvertement sur MERX au cas par cas,
		V&eacute;rifiez quels entrepreneurs ont d&eacute;pos&eacute; des soumissions en vertu de ce r&eacute;pertoire, v&eacute;rifiez si ceux qui n&rsquo;ont pas d&eacute;pos&eacute; de soumissions sont toujours int&eacute;ress&eacute;s &agrave; figurer sur le r&eacute;pertoire et retirer du r&eacute;pertoire les entrepreneurs qui ne sont plus int&eacute;ress&eacute;s,
		Exiger des besoins de pr&eacute;qualification suppl&eacute;mentaires pour toute soumission sp&eacute;cifique effectu&eacute;e par l&rsquo;interm&eacute;diaire du r&eacute;pertoire,
		Choisir d&rsquo;afficher ouvertement tout appel d&rsquo;offres sur MERX au lieu d&rsquo;utiliser le r&eacute;pertoire si CDC estime qu&rsquo;un appel d&rsquo;offres ouvert pourrait accro&icirc;tre la concurrence,
		R&eacute;server des appels d&rsquo;offres aux entreprises autochtones conform&eacute;ment &agrave; la Strat&eacute;gie d&rsquo;approvisionnement aupr&egrave;s des entreprises autochtones (SAEA). Dans ce cas, tous les entrepreneurs et fournisseurs inscrits au R&eacute;pertoire ouvert d&rsquo;entrepreneurs en construction (ROEC) recevront une invitation &agrave; soumissionner; toutefois, l&rsquo;annonce publi&eacute;e sur MERX indiquera clairement que l&rsquo;occasion est r&eacute;serv&eacute;e aux entreprises autochtones en vertu de la SAEA. Pour &ecirc;tre admissible, l&rsquo;entreprise autochtone doit &ecirc;tre inscrite au R&eacute;pertoire des entreprises autochtones (REA) de Services aux Autochtones Canada (SAC). Si vous formez une coentreprise (JV) pour soumissionner sur un contrat r&eacute;serv&eacute; aux entreprises autochtones, au moins un membre de la coentreprise doit figurer au ROEC, et l&rsquo;entreprise autochtone faisant partie de la coentreprise doit &eacute;galement &ecirc;tre inscrite au R&eacute;pertoire des entreprises autochtones de SAC. Le non-respect de ces exigences entra&icirc;nera le rejet de la soumission pour non-conformit&eacute;,
		Inclure une exigence de sous-traitance aux entreprises autochtones qui doivent &ecirc;tre inscrites dans le R&eacute;pertoire des entreprises autochtones de Services aux Autochtones Canada (SAC). Dans ce cas, l&rsquo;annonce MERX sp&eacute;cifique &agrave; l&rsquo;invitation indiquera clairement l&rsquo;inclusion d&rsquo;un volet de participation aux Autochtones.
	
	
	Les entrepreneurs sont avis&eacute;s que les contrats mis en place par CDC comprennent des normes et des exigences de rendement mesurables, comme indiqu&eacute; dans le formulaire CDL81 - Lignes directrices sur l&rsquo;&eacute;valuation du rendement, disponible &agrave; https://www.cdc-dcc.gc.ca/industrie/formulaires. Un entrepreneur qui re&ccedil;oit une note inacceptable ou une mention d&rsquo;&eacute;chec peut &ecirc;tre retir&eacute; de ce r&eacute;pertoire et ne recevoir aucune autre invitation en vertu de ce r&eacute;pertoire.
	Les entrepreneurs et fournisseurs sont avis&eacute;s que tous les appels d&rsquo;offres et les contrats mis en place par CDC sont assujettis au Code de conduite en mati&egrave;re d&rsquo;approvisionnement de CDC, qui peut &ecirc;tre t&eacute;l&eacute;charg&eacute; &agrave; l&rsquo;adresse https://www.cdc-dcc.gc.ca/industrie/formulaires. Un entrepreneur ou un fournisseur qui a &eacute;t&eacute; d&eacute;clar&eacute; inadmissible ou qui a &eacute;t&eacute; suspendu par Services publics et Approvisionnement Canada en vertu de sa Politique d&rsquo;inadmissibilit&eacute; et de suspension et dont la p&eacute;riode d&rsquo;inadmissibilit&eacute; ou de suspension n&rsquo;a pas expir&eacute; peut &ecirc;tre retir&eacute; du r&eacute;pertoire et ne recevoir aucune autre invitation.
	Les entrepreneurs et fournisseurs sont avis&eacute;s que les Documents de contrat de construction standards pour soumissions &eacute;lectroniques de CDC (CDL250) seront utilis&eacute;s pour les opportunit&eacute;s en vertu de ce r&eacute;pertoire et peuvent &ecirc;tre t&eacute;l&eacute;charg&eacute;s &agrave; partir du site Web de CDC &agrave; l&rsquo;adresse suivante : https://www.cdc-dcc.gc.ca/industrie/formulaires.
	Les entrepreneurs et fournisseurs sont avis&eacute;s que les appels d&rsquo;offres et les contrats en vertu du pr&eacute;sent r&eacute;pertoire peuvent contenir des exigences en mati&egrave;re de s&eacute;curit&eacute; de l&rsquo;organisation et de s&eacute;curit&eacute; du personnel.&nbsp; En r&egrave;gle g&eacute;n&eacute;rale, l&rsquo;exigence de s&eacute;curit&eacute; de l&rsquo;organisation sera la v&eacute;rification de l&rsquo;organisation d&eacute;sign&eacute;e (VOD) et la cote de fiabilit&eacute; pour le personnel. Toutefois, des exigences plus strictes peuvent s&rsquo;appliquer, telles qu&rsquo;une attestation de s&eacute;curit&eacute; d&rsquo;installation (ASI), une autorisation de d&eacute;tenir des renseignements (ADR) et une autorisation de s&eacute;curit&eacute; pour son personnel au niveau Secret.
	CDC peut publier des pr&eacute;avis d&rsquo;approvisionnement (PA) identifiant les appels d&rsquo;offres potentiels avec des exigences de s&eacute;curit&eacute; pr&eacute;vues afin de donner aux entrepreneurs int&eacute;ress&eacute;s l&rsquo;occasion d&rsquo;entamer le processus de demande de parrainage pour obtenir &eacute;ventuellement la ou les cotes de s&eacute;curit&eacute; requises qui sont pr&eacute;vues. Le processus de demande cote de s&eacute;curit&eacute; est fourni dans les PA.
	CDC se r&eacute;serve le droit de rejeter toute demande de pr&eacute;qualification qui ne d&eacute;montre pas, &agrave; la seule satisfaction de CDC, que l&rsquo;entrepreneur a satisfait aux exigences &eacute;nonc&eacute;es.&nbsp; CDC se r&eacute;serve &eacute;galement le droit de demander des &eacute;claircissements ou des confirmations &agrave; l&rsquo;un ou &agrave; l&rsquo;ensemble des entrepreneurs concernant tout aspect des renseignements qu&rsquo;ils soumettent. Une r&eacute;ponse &eacute;crite &agrave; chacune de ces communications est requise de la part de l&rsquo;entrepreneur.
	En r&eacute;pondant &agrave; cette invitation, les entrepreneurs et fournisseurs consentent, conform&eacute;ment &agrave; l&rsquo;article 30 de la Loi sur la production de d&eacute;fense, &agrave; ce que CDC divulgue publiquement, apr&egrave;s la cl&ocirc;ture, leur nom l&eacute;gal, leur adresse et s&rsquo;ils ont &eacute;t&eacute; inclus au r&eacute;pertoire.
	Le r&eacute;pertoire peut &ecirc;tre utilis&eacute;e pour les march&eacute;s publics vis&eacute;s par des accords commerciaux auxquels le Canada est parti.
	Vous avez des questions concernant ce qui pr&eacute;c&egrave;de ou vous d&eacute;sirez vous retirer d&rsquo;un r&eacute;pertoire, contactez&nbsp;:

Construction de D&eacute;fense Canada
Andr&eacute; Champagne
Andre.Champagne@dcc-cdc.gc.caVous pouvez soumettre une offre et accéder aux documents sur http://www.merx.com. Des frais peuvent sappliquer; Voir https://www.merx.com/public/pricing pour plus dinformations."
